ENGLISH_G3_U01	あいさつ	0	90	
ENGLISH_G3_U02	じこしょうかい	0	56	
ENGLISH_G3_U03	すきなもの	0	56	
ENGLISH_G3_U04	かぞく	0	64	
ENGLISH_G3_U05	いろ	0	80	
ENGLISH_G3_U06	かず	0	160	
ENGLISH_G3_U07	どうぶつ	0	96	
ENGLISH_G3_U08	くだもの・たべもの	0	104	
ENGLISH_G3_U09	きぶん	0	72	
ENGLISH_G3_U10	からだのぶぶん	0	80	
ENGLISH_G3_U11	リスニングまとめ	0	206	
ENGLISH_G3_U12	声に出すまとめ	0	210	
ENGLISH_G3_U13	まねして言う問題まとめ	0	315	
ENGLISH_G3_U14	こたえる問題まとめ	0	18	
ENGLISH_G4_U01	あいさつと会話	0	74	
ENGLISH_G4_U02	すきな教科	0	63	
ENGLISH_G4_U03	一日の生活	0	72	
ENGLISH_G4_U04	天気	0	72	
ENGLISH_G4_U05	時こく	0	81	
ENGLISH_G4_U06	文ぼうぐ	0	72	
ENGLISH_G4_U07	場所	0	71	
ENGLISH_G4_U08	学校の中	0	60	
ENGLISH_G4_U09	すきな食べ物	0	86	
ENGLISH_G4_U10	日本の文化しょうかい	0	60	
ENGLISH_G4_U11	リスニング総仕上げ	0	170	
ENGLISH_G4_U12	発声総仕上げ	0	172	
ENGLISH_G4_U13	復唱問題総仕上げ	0	258	
ENGLISH_G4_U14	応答問題総仕上げ	0	18	
ENGLISH_G5_U01	アルファベット	0	208	
ENGLISH_G5_U02	自己紹介	0	48	
ENGLISH_G5_U03	家族	0	48	
ENGLISH_G5_U04	誕生日	0	96	
ENGLISH_G5_U05	好きなもの	0	64	
ENGLISH_G5_U06	学校生活	0	72	
ENGLISH_G5_U07	曜日	0	56	
ENGLISH_G5_U08	時こく	0	63	
ENGLISH_G5_U09	できること	0	64	
ENGLISH_G5_U10	行きたい場所	0	64	
ENGLISH_G5_U11	リスニング総仕上げ	0	194	
ENGLISH_G5_U12	発声総仕上げ	0	194	
ENGLISH_G5_U13	復唱問題総仕上げ	0	291	
ENGLISH_G5_U14	応答問題総仕上げ	0	18	
ENGLISH_G6_U01	自己紹介	0	64	
ENGLISH_G6_U02	将来の夢	0	64	
ENGLISH_G6_U03	日常生活	0	64	
ENGLISH_G6_U04	日本文化紹介	0	56	
ENGLISH_G6_U05	行きたい国	0	72	
ENGLISH_G6_U06	思い出	0	64	
ENGLISH_G6_U07	過去の出来事	0	80	
ENGLISH_G6_U08	好きなもの	0	56	
ENGLISH_G6_U09	世界の文化	0	80	
ENGLISH_G6_U10	将来の計画	0	64	
ENGLISH_G6_U11	リスニング総仕上げ	0	166	
ENGLISH_G6_U12	発声総仕上げ	0	166	
ENGLISH_G6_U13	復唱問題総仕上げ	0	249	
ENGLISH_G6_U14	応答問題総仕上げ	0	18	
ENGLISH_G7_U01	アルファベット	0	36	
ENGLISH_G7_U02	be動詞	0	36	
ENGLISH_G7_U03	一般動詞	0	36	
ENGLISH_G7_U04	疑問文	0	36	
ENGLISH_G7_U05	否定文	0	36	
ENGLISH_G7_U06	命令文	0	36	
ENGLISH_G7_U07	can	0	36	
ENGLISH_G7_U08	現在進行形	0	36	
ENGLISH_G7_U09	三人称単数	0	36	
ENGLISH_G7_U10	前置詞	0	36	
ENGLISH_G7_U11	複数形	0	36	
ENGLISH_G7_U12	代名詞	0	36	
ENGLISH_G7_U13	リスニング総仕上げ	0	36	
ENGLISH_G7_U14	発声総仕上げ	0	36	
ENGLISH_G7_U15	復唱問題総仕上げ	0	54	
ENGLISH_G7_U16	応答問題総仕上げ	0	30	
ENGLISH_G8_U01	過去形	0	36	
ENGLISH_G8_U02	過去進行形	0	36	
ENGLISH_G8_U03	未来表現	0	36	
ENGLISH_G8_U04	助動詞	0	36	
ENGLISH_G8_U05	不定詞	0	36	
ENGLISH_G8_U06	動名詞	0	36	
ENGLISH_G8_U07	接続詞	0	36	
ENGLISH_G8_U08	比較	0	36	
ENGLISH_G8_U09	受動態	0	36	
ENGLISH_G8_U10	リスニング総仕上げ	0	36	
ENGLISH_G8_U11	発声総仕上げ	0	36	
ENGLISH_G8_U12	復唱問題総仕上げ	0	54	
ENGLISH_G8_U13	応答問題総仕上げ	0	30	
ENGLISH_G9_U01	現在完了	0	36	
ENGLISH_G9_U02	現在完了進行形	0	36	
ENGLISH_G9_U03	関係代名詞	0	36	
ENGLISH_G9_U04	間接疑問文	0	36	
ENGLISH_G9_U05	仮定法	0	36	
ENGLISH_G9_U06	分詞	0	36	
ENGLISH_G9_U07	比較の応用	0	36	
ENGLISH_G9_U08	長文読解	0	40	
ENGLISH_G9_U09	英作文	0	36	
ENGLISH_G9_U10	スピーチ	0	36	
ENGLISH_G9_U11	リスニング総仕上げ	0	36	
ENGLISH_G9_U12	発声総仕上げ	0	36	
ENGLISH_G9_U13	復唱問題総仕上げ	0	54	
ENGLISH_G9_U14	応答問題総仕上げ	0	30	
KOKUGO_G1_U01	ひらがな	0	83	
KOKUGO_G1_U02	ことばあつめ	0	50	
KOKUGO_G1_U03	のばすおん	0	50	
KOKUGO_G1_U04	ちいさい「っ」	0	50	
KOKUGO_G1_U05	は・を・へ	0	50	
KOKUGO_G1_U06	かたかな	0	83	
KOKUGO_G1_U07	おはなしをよむ	0	50	
KOKUGO_G1_U08	せつめいぶんをよむ	0	50	
KOKUGO_G1_U09	ばめんをそうぞうしてよむ	0	50	
KOKUGO_G1_U10	たいせつなところをみつけてよむ	0	50	
KOKUGO_G1_U11	ぶんをかく	0	50	
KOKUGO_G1_U12	かんたんなにっき	0	50	
KOKUGO_G1_U13	おはなしをつくる	0	50	
KOKUGO_G1_U14	はなしをきく	0	50	
KOKUGO_G1_U15	じぶんのことをはなす	0	50	
KOKUGO_G1_U16	みんなのまえではなす	0	50	
KOKUGO_G2_U01	かたかなのことば	0	66	
KOKUGO_G2_U02	主語と述語	0	50	
KOKUGO_G2_U03	文のきまり	0	50	
KOKUGO_G2_U04	日記を書く	0	50	
KOKUGO_G2_U05	せつめい文を読む	0	50	
KOKUGO_G2_U06	物語を読む	0	50	
KOKUGO_G2_U07	大事なことを見つける	0	50	
KOKUGO_G2_U08	手紙を書く	0	50	
KOKUGO_G2_U09	作文を書く	0	50	
KOKUGO_G2_U10	話を聞く	0	50	
KOKUGO_G2_U11	順序よく話す	0	50	
KOKUGO_G3_U01	漢字の読み書き	0	50	
KOKUGO_G3_U02	国語じてんの使いかた	0	50	
KOKUGO_G3_U03	まとまり	0	50	
KOKUGO_G3_U04	物語文の読みとり	0	50	
KOKUGO_G3_U05	せつめい文の読みとり	0	50	
KOKUGO_G3_U06	大事なところをまとめる	0	50	
KOKUGO_G3_U07	日記・作文	0	50	
KOKUGO_G3_U08	手紙の書きかた	0	50	
KOKUGO_G3_U09	話し合い	0	50	
KOKUGO_G4_U01	漢字の使い方	0	50	
KOKUGO_G4_U02	熟語	0	50	
KOKUGO_G4_U03	国語辞典・漢字辞典	0	50	
KOKUGO_G4_U04	段落と要旨	0	50	
KOKUGO_G4_U05	物語文の読み取り	0	50	
KOKUGO_G4_U06	説明文の読み取り	0	50	
KOKUGO_G4_U07	要約	0	50	
KOKUGO_G4_U08	意見文を書く	0	50	
KOKUGO_G4_U09	話し合いと発表	0	50	
KOKUGO_G5_U01	漢字の意味と使い分け	0	50	
KOKUGO_G5_U02	敬語	0	50	
KOKUGO_G5_U03	物語文の読み取り	0	50	
KOKUGO_G5_U04	説明文の読み取り	0	50	
KOKUGO_G5_U05	要約と要旨	0	50	
KOKUGO_G5_U06	意見文を書く	0	50	
KOKUGO_G5_U07	報告文を書く	0	50	
KOKUGO_G5_U08	討論	0	50	
KOKUGO_G5_U09	スピーチ	0	50	
KOKUGO_G6_U01	漢字のまとめ	0	50	
KOKUGO_G6_U02	熟語と語句	0	50	
KOKUGO_G6_U03	物語文の読み取り	0	50	
KOKUGO_G6_U04	説明文の読み取り	0	50	
KOKUGO_G6_U05	要旨と要約	0	50	
KOKUGO_G6_U06	意見文を書く	0	50	
KOKUGO_G6_U07	提案文を書く	0	50	
KOKUGO_G6_U08	討論	0	50	
KOKUGO_G6_U09	スピーチ	0	50	
KOKUGO_G6_U10	卒業文集	0	50	
KOKUGO_G7_U01	物語文の読み取り	0	50	
KOKUGO_G7_U02	説明文の読み取り	0	50	
KOKUGO_G7_U03	詩の読み取り	0	50	
KOKUGO_G7_U04	古典（古文の基礎）	0	50	
KOKUGO_G7_U05	漢文の基礎	0	50	
KOKUGO_G7_U06	文の成分	0	50	
KOKUGO_G7_U07	品詞	0	50	
KOKUGO_G7_U08	漢字の読み書き	0	50	
KOKUGO_G7_U09	要約	0	50	
KOKUGO_G7_U10	意見文	0	50	
KOKUGO_G7_U11	スピーチ	0	50	
KOKUGO_G7_U12	話し合い	0	50	
KOKUGO_G8_U01	物語文の読み取り	0	50	
KOKUGO_G8_U02	説明文の読み取り	0	50	
KOKUGO_G8_U03	詩・短歌・俳句	0	50	
KOKUGO_G8_U04	古文	0	50	
KOKUGO_G8_U05	漢文	0	50	
KOKUGO_G8_U06	文法	0	50	
KOKUGO_G8_U07	漢字の読み書き	0	50	
KOKUGO_G8_U08	要約	0	50	
KOKUGO_G8_U09	意見文	0	50	
KOKUGO_G8_U10	発表	0	50	
KOKUGO_G8_U11	討論	0	50	
KOKUGO_G9_U01	物語文の読み取り	0	50	
KOKUGO_G9_U02	説明文の読み取り	0	50	
KOKUGO_G9_U03	詩・短歌・俳句	0	50	
KOKUGO_G9_U04	古文	0	50	
KOKUGO_G9_U05	漢文	0	50	
KOKUGO_G9_U06	文法	0	50	
KOKUGO_G9_U07	漢字の読み書き	0	50	
KOKUGO_G9_U08	要約	0	50	
KOKUGO_G9_U09	論説文を書く	0	50	
KOKUGO_G9_U10	スピーチ	0	50	
KOKUGO_G9_U11	討論	0	50	
KOKUGO_G9_U12	卒業論文・発表	0	50	
LIFE_1_U01	がっこうたんけん	0	30	
LIFE_1_U02	がっこうのひととなかよし	0	31	
LIFE_1_U03	きせつとなかよし	0	50	
LIFE_1_U04	いきものとなかよし	0	30	
LIFE_1_U05	はなややさいをそだてよう	0	36	
LIFE_1_U06	みぢかなものあそび	0	30	
LIFE_1_U07	じぶんのせいちょう	0	30	
LIFE_2_U01	まちたんけん	0	42	
LIFE_2_U02	まちのひととなかよし	0	30	
LIFE_2_U03	きせつのしぜん	0	48	
LIFE_2_U04	やさいをそだてよう	0	44	
LIFE_2_U05	いきもののかんさつ	0	30	
LIFE_2_U06	おもちゃづくり	0	46	
LIFE_2_U07	じぶんのせいちょう	0	44	
MATH_G1_U01	かずとすうじ	27	38	dots,number_sequence
MATH_G1_U02	いくつといくつ	32	50	dots
MATH_G1_U03	かたちあそび	0	32	
MATH_G1_U04	なんばんめ	16	35	number_sequence
MATH_G1_U05	あわせていくつ	2	42	dots
MATH_G1_U06	ふえるといくつ	1	50	dots
MATH_G1_U07	のこりはいくつ	0	50	
MATH_G1_U08	ちがいはいくつ	0	50	
MATH_G1_U09	20までのかず	11	30	number_sequence
MATH_G1_U10	なんじ	14	32	clock
MATH_G1_U11	ながさくらべ	30	50	bar_chart
MATH_G1_U12	かさくらべ	20	40	bar_chart
MATH_G1_U13	えぐらふ	21	40	bar_chart
MATH_G1_U14	ひょう	15	35	bar_chart
MATH_G1_U15	さんかくとしかく	12	30	polygon
MATH_G1_U16	かたちづくり	12	32	polygon
MATH_G1_U17	3つのかずのけいさん	0	32	
MATH_G1_U18	ぶんしょうだい	0	50	
MATH_G2_U01	表とグラフ	31	50	bar_chart
MATH_G2_U02	たし算	0	50	
MATH_G2_U03	ひき算	0	50	
MATH_G2_U04	長さ	0	50	
MATH_G2_U05	100までの数	0	50	
MATH_G2_U06	かさ	0	38	
MATH_G2_U07	時こくと時かん	20	40	clock
MATH_G2_U08	3けたの数	0	50	
MATH_G2_U09	かけ算のいみ	0	40	
MATH_G2_U10	九九	0	50	
MATH_G2_U11	はこの形	11	30	cube
MATH_G2_U12	ぶんしょうだい	0	50	
MATH_G3_U01	表とグラフ	30	50	bar_chart
MATH_G3_U02	大きい数	0	50	
MATH_G3_U03	たし算	0	50	
MATH_G3_U04	ひき算	0	50	
MATH_G3_U05	時こくと時間	30	50	clock
MATH_G3_U06	長さ	0	50	
MATH_G3_U07	かけ算	0	50	
MATH_G3_U08	円と球	11	30	circle
MATH_G3_U09	わり算	0	44	
MATH_G3_U10	あまりのあるわり算	0	50	
MATH_G3_U11	重さ	0	50	
MATH_G3_U12	小数	0	38	
MATH_G3_U13	分数	30	50	fraction_operation
MATH_G3_U14	□をつかった式	0	50	
MATH_G4_U01	大きい数	0	50	
MATH_G4_U02	わり算	0	50	
MATH_G4_U03	折れ線グラフ	30	50	bar_chart
MATH_G4_U04	角	30	50	angle
MATH_G4_U05	そろばん	0	50	
MATH_G4_U06	小数	0	38	
MATH_G4_U07	小数のたし算とひき算	0	50	
MATH_G4_U08	面せき	0	50	
MATH_G4_U09	がい数	0	50	
MATH_G4_U10	式と計算のじゅんじょ	0	50	
MATH_G4_U11	分数	30	50	fraction,fraction_operation
MATH_G4_U12	分数のたし算とひき算	30	50	fraction_operation
MATH_G4_U13	直方体と立方体	10	30	cube
MATH_G4_U14	変わり方	0	44	
MATH_G4_U15	表やグラフにまとめる	0	50	
MATH_G5_U01	整数と小数	0	50	
MATH_G5_U02	体積	0	50	
MATH_G5_U03	小数のかけ算	0	50	
MATH_G5_U04	小数のわり算	0	50	
MATH_G5_U05	合同な図形	10	30	polygon
MATH_G5_U06	分数と小数・整数	30	50	fraction
MATH_G5_U07	分数のたし算とひき算	22	42	fraction_operation
MATH_G5_U08	平均	0	50	
MATH_G5_U09	単位量あたりの大きさ	0	50	
MATH_G5_U10	速さ	0	32	
MATH_G5_U11	比例	0	50	
MATH_G5_U12	円と正多角形	15	35	polygon
MATH_G5_U13	角柱と円柱	10	30	cylinder,prism
MATH_G5_U14	割合	0	50	
MATH_G5_U15	帯グラフと円グラフ	30	50	bar_chart
MATH_G6_U01	対称な図形	10	30	polygon
MATH_G6_U02	文字と式	0	50	
MATH_G6_U03	分数のかけ算	30	50	fraction_operation,fraction
MATH_G6_U04	分数のわり算	30	50	fraction_operation,fraction
MATH_G6_U05	比とその利用	0	40	
MATH_G6_U06	比例と反比例	0	50	
MATH_G6_U07	拡大図と縮図	12	32	polygon
MATH_G6_U08	円の面積	18	38	circle
MATH_G6_U09	角柱と円柱の体積	24	44	prism,cylinder
MATH_G6_U10	およその面積と体積	0	50	
MATH_G6_U11	場合の数	0	32	
MATH_G6_U12	資料の調べ方	0	50	
MATH_G6_U13	算数のまとめ	0	50	
MATH_G7_U01	正の数と負の数	0	38	
MATH_G7_U02	正負の数の加法と減法	0	50	
MATH_G7_U03	正負の数の乗法と除法	0	50	
MATH_G7_U04	文字式	0	30	
MATH_G7_U05	文字式の計算	0	50	
MATH_G7_U06	一次方程式	0	48	
MATH_G7_U07	一次方程式の利用	0	50	
MATH_G7_U08	比例と反比例	0	30	
MATH_G7_U09	平面図形	28	48	polygon,angle
MATH_G7_U10	空間図形	10	30	cube,circle,prism,cylinder
MATH_G7_U11	資料の整理と活用	0	50	
MATH_G8_U01	式の計算	0	40	
MATH_G8_U02	連立方程式	0	50	
MATH_G8_U03	連立方程式の利用	0	40	
MATH_G8_U04	一次関数	0	50	
MATH_G8_U05	図形の性質	28	48	angle
MATH_G8_U06	図形の合同	10	30	polygon
MATH_G8_U07	三角形と四角形	18	38	polygon
MATH_G8_U08	確率	0	39	
MATH_G8_U09	データの分析	0	50	
MATH_G9_U01	式の展開と因数分解	0	47	
MATH_G9_U02	平方根	0	36	
MATH_G9_U03	二次方程式	0	48	
MATH_G9_U04	二次方程式の利用	0	36	
MATH_G9_U05	関数 y=ax^2	15	35	parabola
MATH_G9_U06	相似な図形	30	50	polygon
MATH_G9_U07	三平方の定理	20	40	angle
MATH_G9_U08	円の性質	24	44	circle
MATH_G9_U09	標本調査	0	36	
SCIENCE_3_U01	しぜんのかんさつ	0	50	
SCIENCE_3_U02	こん虫のせい長	0	50	
SCIENCE_3_U03	しょくぶつのせい長	0	50	
SCIENCE_3_U04	太陽と地面	0	50	
SCIENCE_3_U05	光	0	50	
SCIENCE_3_U06	音	0	50	
SCIENCE_3_U07	風とゴムのはたらき	0	50	
SCIENCE_3_U08	電気の通り道	0	50	
SCIENCE_3_U09	ものの重さ	0	50	
SCIENCE_3_U10	じしゃく	0	50	
SCIENCE_4_U01	天気と気温	0	50	
SCIENCE_4_U02	季節と生き物	0	50	
SCIENCE_4_U03	星と空	0	50	
SCIENCE_4_U04	月の動き	0	50	
SCIENCE_4_U05	電気のはたらき	0	50	
SCIENCE_4_U06	空気と水	0	50	
SCIENCE_4_U07	とじこめた空気	0	50	
SCIENCE_4_U08	水のすがた	0	50	
SCIENCE_4_U09	もののあたたまり方	0	50	
SCIENCE_5_U01	天気の変化	0	50	
SCIENCE_5_U02	台風と天気	0	50	
SCIENCE_5_U03	植物の発芽と成長	0	50	
SCIENCE_5_U04	花から実へ	0	50	
SCIENCE_5_U05	メダカのたんじょう	0	50	
SCIENCE_5_U06	人のたんじょう	0	50	
SCIENCE_5_U07	流れる水のはたらき	0	50	
SCIENCE_5_U08	物のとけ方	0	50	
SCIENCE_5_U09	電磁石	0	50	
SCIENCE_6_U01	物の燃え方	0	50	
SCIENCE_6_U02	植物のつくりとはたらき	0	50	
SCIENCE_6_U03	人の体のつくりとはたらき	0	50	
SCIENCE_6_U04	月と太陽	0	48	
SCIENCE_6_U05	てこ	0	50	
SCIENCE_6_U06	水よう液	0	50	
SCIENCE_6_U07	電気の利用	0	50	
SCIENCE_6_U08	土地のつくり	0	50	
SCIENCE_6_U09	生き物と環境	0	50	
SCIENCE_7_U01	生物の観察と分類	0	50	
SCIENCE_7_U02	植物の体のつくりとはたらき	0	50	
SCIENCE_7_U03	動物の体のつくりとはたらき	0	50	
SCIENCE_7_U04	身のまわりの物質	0	50	
SCIENCE_7_U05	気体の性質	0	50	
SCIENCE_7_U06	水溶液の性質	0	50	
SCIENCE_7_U07	光	0	50	
SCIENCE_7_U08	音	0	50	
SCIENCE_7_U09	力と圧力	0	50	
SCIENCE_7_U10	大地の変化	0	50	
SCIENCE_7_U11	火山	0	50	
SCIENCE_7_U12	地震	0	50	
SCIENCE_7_U13	地層	0	50	
SCIENCE_8_U01	生物と細胞	0	50	
SCIENCE_8_U02	植物の体のつくりとはたらき	0	50	
SCIENCE_8_U03	動物の体のつくりとはたらき	0	50	
SCIENCE_8_U04	化学変化	0	50	
SCIENCE_8_U05	原子と分子	0	50	
SCIENCE_8_U06	化学変化と質量	0	50	
SCIENCE_8_U07	電流	0	50	
SCIENCE_8_U08	電流と磁界	0	50	
SCIENCE_8_U09	天気と気象	0	50	
SCIENCE_8_U10	前線と天気	0	50	
SCIENCE_9_U01	生物の成長と生殖	0	50	
SCIENCE_9_U02	遺伝	0	50	
SCIENCE_9_U03	生物のつながり	0	50	
SCIENCE_9_U04	化学変化とイオン	0	50	
SCIENCE_9_U05	酸とアルカリ	0	50	
SCIENCE_9_U06	中和	0	50	
SCIENCE_9_U07	力の合成と分解	0	50	
SCIENCE_9_U08	運動	0	50	
SCIENCE_9_U09	仕事とエネルギー	0	50	
SCIENCE_9_U10	地球と宇宙	0	50	
SCIENCE_9_U11	太陽系	0	50	
SCIENCE_9_U12	星の動き	0	50	
SOCIAL_3_U01	わたしたちの町	0	50	
SOCIAL_3_U02	地図の見かた	0	50	
SOCIAL_3_U03	土地のようす	0	50	
SOCIAL_3_U04	町ではたらく人	0	50	
SOCIAL_3_U05	商店のしごと	0	50	
SOCIAL_3_U06	農家のしごと	0	50	
SOCIAL_3_U07	工場のしごと	0	50	
SOCIAL_3_U08	交通のはたらき	0	50	
SOCIAL_3_U09	市のようすのうつりかわり	0	50	
SOCIAL_4_U01	都道府県	0	50	
SOCIAL_4_U02	日本の地形	0	50	
SOCIAL_4_U03	気候	0	50	
SOCIAL_4_U04	水のしごと	0	50	
SOCIAL_4_U05	ごみのしょり	0	50	
SOCIAL_4_U06	災害とくらし	0	50	
SOCIAL_4_U07	地図帳の使い方	0	50	
SOCIAL_4_U08	県のようす	0	50	
SOCIAL_4_U09	伝統文化	0	50	
SOCIAL_5_U01	日本の国土	0	50	
SOCIAL_5_U02	日本の気候	0	50	
SOCIAL_5_U03	農業	0	50	
SOCIAL_5_U04	水産業	0	50	
SOCIAL_5_U05	工業	0	50	
SOCIAL_5_U06	貿易	0	50	
SOCIAL_5_U07	情報産業	0	50	
SOCIAL_5_U08	環境問題	0	50	
SOCIAL_5_U09	食料問題	0	50	
SOCIAL_6_U01	日本の歴史（縄文・弥生）	0	50	
SOCIAL_6_U02	古墳時代	0	50	
SOCIAL_6_U03	奈良時代	0	50	
SOCIAL_6_U04	平安時代	0	50	
SOCIAL_6_U05	鎌倉時代	0	50	
SOCIAL_6_U06	室町時代	0	50	
SOCIAL_6_U07	安土桃山時代	0	50	
SOCIAL_6_U08	江戸時代	0	50	
SOCIAL_6_U09	明治時代	0	50	
SOCIAL_6_U10	大正時代	0	50	
SOCIAL_6_U11	昭和時代	0	50	
SOCIAL_6_U12	日本国憲法	0	50	
SOCIAL_6_U13	国会	0	50	
SOCIAL_6_U14	内閣	0	50	
SOCIAL_6_U15	裁判所	0	50	
SOCIAL_6_U16	地方自治	0	50	
SOCIAL_6_U17	国際社会	0	50	
SOCIAL_7_U01	世界の地域	0	50	
SOCIAL_7_U02	世界の気候	0	50	
SOCIAL_7_U03	世界の人口	0	50	
SOCIAL_7_U04	世界の産業	0	50	
SOCIAL_7_U05	アジア	0	50	
SOCIAL_7_U06	ヨーロッパ	0	50	
SOCIAL_7_U07	アフリカ	0	50	
SOCIAL_7_U08	北アメリカ	0	50	
SOCIAL_7_U09	南アメリカ	0	50	
SOCIAL_7_U10	オセアニア	0	50	
SOCIAL_7_U11	日本の地域	0	50	
SOCIAL_7_U12	日本の自然	0	50	
SOCIAL_7_U13	日本の人口	0	50	
SOCIAL_7_U14	日本の産業	0	50	
SOCIAL_8_U01	古代文明	0	50	
SOCIAL_8_U02	ギリシャ・ローマ	0	50	
SOCIAL_8_U03	日本の古代	0	50	
SOCIAL_8_U04	日本の中世	0	50	
SOCIAL_8_U05	日本の近世	0	50	
SOCIAL_8_U06	欧米の近代化	0	50	
SOCIAL_8_U07	明治維新	0	50	
SOCIAL_8_U08	日本の近代化	0	50	
SOCIAL_8_U09	世界大戦	0	50	
SOCIAL_8_U10	現代の日本	0	50	
SOCIAL_9_U01	現代社会	0	50	
SOCIAL_9_U02	人権	0	50	
SOCIAL_9_U03	民主主義	0	50	
SOCIAL_9_U04	日本国憲法	0	50	
SOCIAL_9_U05	国会	0	50	
SOCIAL_9_U06	内閣	0	50	
SOCIAL_9_U07	裁判所	0	50	
SOCIAL_9_U08	地方自治	0	50	
SOCIAL_9_U09	選挙	0	50	
SOCIAL_9_U10	税金	0	50	
SOCIAL_9_U11	市場経済	0	50	
SOCIAL_9_U12	金融	0	50	
SOCIAL_9_U13	労働	0	50	
SOCIAL_9_U14	社会保障	0	50	
SOCIAL_9_U15	国際社会	0	50	
SOCIAL_9_U16	国際協力	0	50	
